{
  "CLIP": {
    "avg_pair_similarity": 0.3059998154640198,
    "median_pair_similarity": 0.3059631586074829,
    "avg_random_pair_similarity": 0.18256106972694397,
    "image_to_text_top1_alignment": 0.606,
    "text_to_image_top1_alignment": 0.59,
    "centroid_distance": 0.8225071430206299
  },
  "BLIP": {
    "avg_pair_similarity": 0.47425341606140137,
    "median_pair_similarity": 0.47726529836654663,
    "avg_random_pair_similarity": 0.21973949670791626,
    "image_to_text_top1_alignment": 0.864,
    "text_to_image_top1_alignment": 0.854,
    "centroid_distance": 0.6714262962341309
  },
  "BLIP2": {
    "avg_pair_similarity": 0.4996892511844635,
    "median_pair_similarity": 0.505811333656311,
    "avg_random_pair_similarity": 0.2724718749523163,
    "image_to_text_top1_alignment": 0.892,
    "text_to_image_top1_alignment": 0.854,
    "centroid_distance": 0.7182202935218811
  }
}